{
  "bar_005_single-000.jpg": {
    "x": 2564.0,
    "y": 938.0,
    "confidence": 0.9905799627304077
  },
  "bar_005_single-001.jpg": {
    "x": 2562.0,
    "y": 785.0,
    "confidence": 0.9992038011550903
  },
  "bar_005_single-002.jpg": {
    "x": 2650.0,
    "y": 288.0,
    "confidence": 0.9904086589813232
  },
  "bar_006_single-001.jpg": {
    "x": 3438.0,
    "y": 709.0,
    "confidence": 0.8266399502754211
  },
  "bar_006_single-002.jpg": {
    "x": 3159.0,
    "y": 791.0,
    "confidence": 0.9256981015205383
  },
  "bar_006_single-003.jpg": {
    "x": 3066.0,
    "y": 198.0,
    "confidence": 0.8370466828346252
  },
  "bar_007_single-000.jpg": {
    "x": 3284.0,
    "y": 764.0,
    "confidence": 0.8323248624801636
  },
  "bar_007_single-001.jpg": {
    "x": 3490.0,
    "y": 421.0,
    "confidence": 0.8533251881599426
  },
  "bar_007_single-002.jpg": {
    "x": 2195.0,
    "y": 722.0,
    "confidence": 0.8428719639778137
  },
  "bar_008_single-000.jpg": {
    "x": 3585.0,
    "y": 1336.0,
    "confidence": 0.8583365082740784
  },
  "bar_008_single-001.jpg": {
    "x": 3378.0,
    "y": 539.0,
    "confidence": 0.8266259431838989
  },
  "bar_008_single_002.jpg": {
    "x": 3475.0,
    "y": 530.0,
    "confidence": 0.9304599761962891
  },
  "bar_009_single-000.jpg": {
    "x": 3497.0,
    "y": 622.0,
    "confidence": 0.8167275190353394
  },
  "bar_009_single-001.jpg": {
    "x": 3315.0,
    "y": 562.0,
    "confidence": 0.8372654914855957
  },
  "bar_009_single-002.jpg": {
    "x": 3565.0,
    "y": 597.0,
    "confidence": 0.9217320084571838
  },
  "bar_029_grouped-000.jpg": {
    "x": 3450.0,
    "y": 576.0,
    "confidence": 0.8229026794433594
  },
  "bc_001_single-000.jpg": {
    "x": 2619.0,
    "y": 401.0,
    "confidence": 0.9903263449668884
  },
  "bc_001_single-001.jpg": {
    "x": 2875.0,
    "y": 721.0,
    "confidence": 0.9902244806289673
  },
  "bc_001_single-002.jpg": {
    "x": 2300.0,
    "y": 715.0,
    "confidence": 0.9933598637580872
  },
  "bc_002_single-001.jpg": {
    "x": 3509.0,
    "y": 1214.0,
    "confidence": 0.8516027927398682
  },
  "bc_002_single-002.jpg": {
    "x": 3506.0,
    "y": 670.0,
    "confidence": 0.8220565319061279
  },
  "bc_002_single-003.jpg": {
    "x": 4006.0,
    "y": 1150.0,
    "confidence": 0.7731647491455078
  },
  "bc_002_single-004.jpg": {
    "x": 2362.0,
    "y": 841.0,
    "confidence": 0.9977731704711914
  },
  "bc_003_single-000.jpg": {
    "x": 3627.0,
    "y": 165.0,
    "confidence": 0.9136689901351929
  },
  "bc_003_single-002.jpg": {
    "x": 2388.0,
    "y": 1237.0,
    "confidence": 0.9980781674385071
  },
  "bc_003_single-003.jpg": {
    "x": 2528.0,
    "y": 718.0,
    "confidence": 0.9927018284797668
  },
  "bc_003_single-004.jpg": {
    "x": 2535.0,
    "y": 524.0,
    "confidence": 0.9981814026832581
  },
  "bc_010_single-000.jpg": {
    "x": 2337.0,
    "y": 518.0,
    "confidence": 0.8154367804527283
  },
  "bc_010_single-001.jpg": {
    "x": 3780.0,
    "y": 714.0,
    "confidence": 0.9309417605400085
  },
  "bc_010_single-002.jpg": {
    "x": 2546.0,
    "y": 403.0,
    "confidence": 0.8266522884368896
  },
  "bc_011_single-000.jpg": {
    "x": 2969.0,
    "y": 483.0,
    "confidence": 0.9897469282150269
  },
  "bc_011_single-001.jpg": {
    "x": 2629.0,
    "y": 208.0,
    "confidence": 0.999251663684845
  },
  "bc_011_single-002.jpg": {
    "x": 2872.0,
    "y": 485.0,
    "confidence": 0.9946317076683044
  },
  "bc_011_single-003.jpg": {
    "x": 2633.0,
    "y": 319.0,
    "confidence": 0.9847833514213562
  },
  "bc_011_single-004.jpg": {
    "x": 2755.0,
    "y": 351.0,
    "confidence": 0.9927913546562195
  },
  "bc_016_grouped-000.jpg": {
    "x": 3469.0,
    "y": 1227.0,
    "confidence": 0.9297075271606445
  },
  "bc_016_grouped-001.jpg": {
    "x": 3649.0,
    "y": 894.0,
    "confidence": 0.8836780786514282
  },
  "bc_016_grouped-002.jpg": {
    "x": 3682.0,
    "y": 439.0,
    "confidence": 0.8526620268821716
  },
  "bc_017_grouped-000.jpg": {
    "x": 2608.0,
    "y": 1126.0,
    "confidence": 0.9914697408676147
  },
  "bc_017_grouped-001.jpg": {
    "x": 2407.0,
    "y": 490.0,
    "confidence": 0.9990683197975159
  },
  "bc_017_grouped-002.jpg": {
    "x": 2585.0,
    "y": 623.0,
    "confidence": 0.9908969402313232
  },
  "bc_017_grouped-003.jpg": {
    "x": 2553.0,
    "y": 515.0,
    "confidence": 0.9877070784568787
  },
  "PXL_20251121_040219094.jpg": {
    "x": 3356.0,
    "y": 690.0,
    "confidence": 0.9010313749313354
  },
  "PXL_20251121_040222641.jpg": {
    "x": 3346.0,
    "y": 612.0,
    "confidence": 0.8387789130210876
  },
  "PXL_20251121_040230137.jpg": {
    "x": 3493.0,
    "y": 708.0,
    "confidence": 0.8536078929901123
  },
  "PXL_20251121_040231882.jpg": {
    "x": 3538.0,
    "y": 403.0,
    "confidence": 0.8547220826148987
  },
  "PXL_20251121_040233388.jpg": {
    "x": 3429.0,
    "y": 929.0,
    "confidence": 0.8838268518447876
  },
  "PXL_20251121_040235135.jpg": {
    "x": 3502.0,
    "y": 791.0,
    "confidence": 0.869356632232666
  },
  "PXL_20251121_040243629.jpg": {
    "x": 3435.0,
    "y": 784.0,
    "confidence": 0.8435077667236328
  },
  "PXL_20251121_040245225.jpg": {
    "x": 3197.0,
    "y": 518.0,
    "confidence": 0.8313965201377869
  },
  "PXL_20251121_040247614.jpg": {
    "x": 2858.0,
    "y": 319.0,
    "confidence": 0.8854212760925293
  }
}